journal,year,title,authors,abstract,url
Econometrica,2026,Walras–Bowley Lecture: Climate Policy in the Wide World,"John Hassler, Per Krusell and Conny Olovsson","We construct a dynamic integrated assessment model of climate and the economy with very high geographic resolution. Migration is free within, but not allowed across, countries. The model parameterization uses a wealth of data, including the distribution of output, population, energy sources and use, and estimates of the local damages from climate change. It implies very large geographic dispersion in damages from warming. We conduct three kinds of policy experiments. In one, we note that a modest, uniform carbon tax limits global warming and damages around the world substantially. In a second experiment, we let the poorest countries not tax carbon, while the rest compensate by setting higher taxes; the efficiency losses are large. In a final experiment, we find that fast green technology growth alone is a poor substitute for carbon taxes, whether globally available or not.",https://doi.org/10.3982/ECTA22451
Econometrica,2026,Identification in Instrumental Variables Models: The Central Role of Abadie's Kappa,"Manu Navjeevan, Rodrigo Pinto and Andres Santos","We study instrumental variables models characterized by: (i) Unobserved heterogeneity consisting of potential outcomes and response types that describe how the instrument determines treatment choice; (ii) Conditional independence of the instrument and the unobserved heterogeneity; and (iii) Convex restrictions on the distribution of unobserved heterogeneity. We show certain causal parameters are identified in these models if and only if a version of the kappa of Abadie (2003) exists. Our identification results are constructive in yielding estimating moment conditions. Focusing on a leading special case, we develop asymptotically normal estimators based on a doubly robust version of these moment conditions.",https://doi.org/10.3982/ECTA23174
Econometrica,2026,"Firm‐to‐Firm Trade: Imports, Exports, and the Labor Market","Jonathan Eaton, Samuel Kortum and Francis Kramarz","Customs data reveal the heterogeneity and granularity of relationships among buyers and sellers, showing how more exports to a destination break down into more firms selling there and more buyers per exporter. We develop a quantitative general equilibrium model of firm‐to‐firm matching that builds on this insight to separate the roles of iceberg costs and matching frictions in gravity. In the cross section, we find matching frictions as important as iceberg costs in impeding trade, and more sensitive to distance. Because domestic and imported intermediates compete directly with labor in performing production tasks, our model also fits the heterogeneity of labor shares across French producers. Applying the framework to the 2004 expansion of the European Union, reduced iceberg costs and reduced matching frictions contributed equally to the increase in French exports to the new members. While workers benefited overall, those competing most directly with imports gained less, even losing in some countries entering the EU.",https://doi.org/10.3982/ECTA20506
Econometrica,2026,Information Design in Common Value Auction With Moral Hazard: Application to OCS Leasing Auctions,Anh Nguyen,"This paper explores the impact of information design on the auctioneer's revenue in the U.S. offshore oil/gas lease auctions where, post‐auction, the winner decides whether to explore the auctioned tract and must pay the government a royalty on its production value. I first document that there is a positive correlation between the exploration rate and publicly observed losing bids. This suggests that the winning bidder uses the rivals' bids to infer their private information about the tract's potential. I then characterize the equilibrium bidding strategy when the auctioneer designs and commits to how to reveal information on losing bids to the winning bidder. Counterfactual exercises reveal that alternative bid disclosure policies significantly improve auctioneer revenue.",https://doi.org/10.3982/ECTA21839
Econometrica,2026,The Equilibrium Effects of Campaign Finance Deregulation on U.S. Elections,Christian Cox,"The U.S. Supreme Court's 2010 decision in Citizens United v. Federal Election Commission deregulated campaign finance, enabling the rise of a new political action committee (the Super PAC) with broad freedom to raise and spend money. This led to an unprecedented surge in spending in primary and general elections. To evaluate the impact of Super PACs, I estimate a multistage model of political competition using data from U.S. Congressional elections between 2010 and 2020. I find that Super PAC spending by both sides prompts offsetting responses, resulting in limited net equilibrium effects. However, by amplifying the role of donors, Super PACs still have the potential to reshape the electoral landscape.",https://doi.org/10.3982/ECTA22979
Econometrica,2026,Dynamic Screening of Buyers With Heterogeneous Purchase Frequency,Johannes Hörner and Anna Sanktjohanser,"We consider a dynamic buyer–seller interaction. Instead of the buyer's valuation, it is the frequency with which he needs to trade that is the buyer's private information. The difference matters. With commitment, full surplus extraction is possible, for instance via limited‐time offers. Without commitment, ratcheting is mitigated, as not buying is not necessarily a sign of strength. Because time is informative, the seller learns and may adjust her behavior over time. When finding a suitable alternative seller is easy, she starts with a pooling offer before permanently switching to a screening offer. When finding a suitable alternative seller takes time, she starts with a pooling offer before occasionally experimenting with separating offers.",https://doi.org/10.3982/ECTA23049
Econometrica,2026,The Inference‐Forecast Gap in Belief Updating,"Tony Q. Fan, Yucheng Liang and Cameron Peng","Evidence from the laboratory and the field has uncovered both underreaction and overreaction to new information. We provide new experimental evidence on the underlying mechanisms of under‐ and overreaction by comparing how people make inferences and revise forecasts in the same information environment. Participants underreact to signals when inferring about underlying states, but overreact to the same signals when revising forecasts about future outcomes—a phenomenon we term “the inference‐forecast gap.” We show that this gap is largely driven by different simplifying heuristics used in the two tasks. Additional treatments suggest that the choice of heuristics is affected by the similarity between statistics in the information environment and the statistic elicited by the belief‐updating problem.",https://doi.org/10.3982/ECTA23334
Econometrica,2026,Double Robustness of Local Projections and Some Unpleasant VARithmetic,"José Luis Montiel Olea, Mikkel Plagborg‐Møller, Eric Qian and Christian K. Wolf","We consider impulse response inference in a locally misspecified vector autoregression (VAR) model. The conventional local projection (LP) confidence interval has correct coverage even when the misspecification is so large that it can be detected with probability approaching 1. This result follows from a “double robustness” property analogous to that of popular partially linear regression estimators. By contrast, the conventional VAR confidence interval with short‐to‐moderate lag length can severely undercover for misspecification that is small, difficult to detect statistically, and cannot be ruled out based on economic theory. The VAR confidence interval has robust coverage if, and only if, the lag length is so large that the interval is as wide as the LP interval.",https://doi.org/10.3982/ECTA23345
Econometrica,2026,The Class Gap in Career Progression: Evidence From U.S. Academia,Anna Stansbury and Kyra Rodriguez,"Unlike gender or race, class background is rarely a focus of research on career progression, or of DEI efforts in elite occupations. Should it be? In this paper, we document a large class gap in career progression in one occupation—U.S. tenure‐track academia—using parental education to proxy for class background. First‐generation college graduates are 10% less likely to be tenured at an R1, are tenured at institutions ranked 11% lower, earn 3% less, and report 5% lower job satisfaction, than their former PhD classmates (from the same institution and field) with a parent with a non‐PhD graduate degree. Neither selection out of academia nor different preferences explain this gap; differential research productivity also plays little role. Instead, likely drivers are differences in cultural and social capital. We also find a class gap in career progression for PhDs who work in industry, suggesting this phenomenon generalizes outside academia.",https://doi.org/10.3982/ECTA23358
Econometrica,2026,Economic Growth and the Rise of Large Firms,Zhang Chen,"I document that the right tail of the firm size distribution systematically thickens with economic development. To rationalize this fact, I develop a parsimonious idea search model in which both aggregate growth and the firm size distribution are endogenously determined. The model features an asymptotic balanced growth path along which Gibrat's law holds at each date, and the right tail of the firm size distribution thickens monotonically toward Zipf's law. The model also implies that policies favoring large firms can improve welfare by better utilizing the diffusion externalities arising from idea search.",https://doi.org/10.3982/ECTA22110
Econometrica,2026,Mechanism Design for Personalized Policy: A Field Experiment Incentivizing Exercise,Rebecca Dizon‐Ross and Ariel Zucker,"Personalizing policies can theoretically increase their effectiveness. However, personalization is difficult when individual types are unobservable and the preferences of policymakers and individuals are not aligned, which could cause individuals to misreport their type. Mechanism design offers a strategy to overcome this issue: offer an “incentive‐compatible” menu of policy choices designed to induce participants to select the variant intended for their type. Using a field experiment that personalized incentives for exercise among 6,800 adults with diabetes and hypertension in urban India, we show that personalizing with an incentive‐compatible choice menu substantially improves program performance, increasing the treatment effect of incentives on exercise by 80% without increasing incentive costs relative to a one‐size‐fits‐all benchmark. Offering choice achieves similar performance to personalizing with an extensive set of observable variables, but without the same data requirements.",https://doi.org/10.3982/ECTA21926
Econometrica,2026,Job Ladder and Wealth Dynamics in General Equilibrium,"Leo Kaas, Etienne Lalé and Nawid Siassi","This paper develops a macroeconomic model that combines an incomplete‐markets overlapping‐generations economy with a job ladder featuring sequential wage bargaining, endogenous search effort of employed and non‐employed workers, and differences in match quality. With these ingredients, our model provides a joint microfoundation for the three main inputs in aggregate production: capital, employment, and labor efficiency. The calibrated model offers a good fit to the empirical age profiles of search activity, job‐finding rates, wages, and savings. We use the model to analyze the impact of tax and transfer policies for labor market dynamics and aggregate economic activity via capital, employment, and labor efficiency channels. Lower unemployment benefits and a less progressive tax schedule bring about welfare losses for a newborn worker which are mainly driven by higher consumption risk and costlier search effort; both policies have differential effects along the age, income, and wealth dimensions.",https://doi.org/10.3982/ECTA22542
Econometrica,2026,Fisher–Schultz Lecture: Contracting Over Pharmaceutical Formularies and Rebates,Kate Ho and Robin S. Lee,"We investigate how formularies used by pharmacy benefit managers (PBMs) affect equilibrium manufacturer rebates for branded drugs through tiering and exclusion. We develop a theoretical model of multidimensional contracting in which a PBM negotiates with drug manufacturers over menus of formulary‐contingent rebates and chooses a formulary. We then estimate consumer demand responses to tier placement for statins using claims data from Princeton University, a large employer contracting with a single PBM to offer prescription drug coverage to its employees. Combining the theoretical model with demand estimates and observed list prices, we quantify how allowing for differential tier placement and exclusion affect equilibrium rebates. Our predictions are consistent with available aggregate rebate data, and we find that allowing a PBM to place branded drugs on preferred‐ and non‐preferred tiers can substantially increase negotiated rebate payments.",https://doi.org/10.3982/ECTA22488
Econometrica,2026,Comment on ‘Fisher–Schultz Lecture: Contracting Over Pharmaceutical Formularies and Rebates’ by Kate Ho and Robin Lee,Rena M. Conti,"Biopharmaceuticals advance health and economic growth. Unlike central bargaining abroad, the United States uses private firms, pharmacy benefit managers (PBMs), to manage medicine access and spending. Yet, PBMs' roles in advancing efficiency are understudied. Ho and Lee model PBMs' use of tiered formularies, lists of covered medicines, without the use of proprietary data on the price concessions drug makers offer for preferred placement. They find PBMs' use of tiered formularies generate significant payor savings through competition. Complementing Ho and Lee, Feng and Maini (2024) model how patient demand inertia limits PBMs' ability to extract price concessions from drug makers which consequently erodes the efficacy gains of PBM formularies. Conti, Frandsen, Powell, and Rebitzer (2021) model formulary auctions where PBM size drives payor savings, but also spurs endogenously set high list prices, reducing patient access. Future economic research should focus on PBM market entry and vertical integration, pharmacy steering, and effects on innovation.",https://doi.org/10.3982/ECTA24210
Econometrica,2026,Comment on ‘Fisher–Schultz Lecture: Contracting Over Pharmaceutical Formularies and Rebates’ by Kate Ho and Robin S. Lee,Sylvia Hristakeva,,https://doi.org/10.3982/ECTA23938
Econometrica,2026,Reply to comments on ‘Fisher–Schultz Lecture: Contracting Over Pharmaceutical Formularies and Rebates’,Kate Ho and Robin S. Lee,,https://doi.org/10.3982/ECTA24816
Econometrica,2026,Training Specificity and Occupational Mobility: Evidence From German Apprenticeships,Dita Eckardt,"Apprenticeships play a key role in enabling successful school‐to‐work transitions in many countries, but in the presence of imperfect information, the specificity of this type of training may entail important costs for those working outside their training fields. I study this issue in one of the most prominent training settings, the German apprenticeship system. Using administrative data and a broad occupational classification, I find that 40% of individuals work in occupations different from their training. I estimate the cost of mismatch using vacancy instruments and extend methodological approaches in high‐dimensional selection settings. Lacking training in one's occupation entails an average wage penalty of 14%, the equivalent of two years of work experience. The penalty increases with the task distance between training and occupation. My findings suggest that retraining is crucial to mitigate the adverse consequences from imperfect information in specialized training settings.",https://doi.org/10.3982/ECTA21835
Econometrica,2026,Holding up Green Energy: Counterparty Risk in the Indian Solar Power Market,Nicholas Ryan,"This paper studies how the risk of hold‐up affects procurement. I use data on the universe of solar power auctions in India. The Indian context allows clean estimates of counterparty risk, because solar plants set up in the same states, by the same firms, are procured in auctions intermediated by either risky states themselves or the trusted central government. I find that the counterparty risk of an average state increases solar prices by 10%. This risk premium sharply reduces investment, because demand for green energy is elastic. Contract intermediation by the central government eliminates the counterparty risk premium.",https://doi.org/10.3982/ECTA21084
Econometrica,2026,Existence of Myopic‐Farsighted Stable Sets in Matching Markets,Battal Doğan and Lars Ehlers,"In the context of one‐to‐one matching markets, we study myopic‐farsighted stable sets, which are internally and externally stable when myopic agents consider immediate payoffs from their deviations, while farsighted agents anticipate counter‐deviations and consider final payoffs. We constructively prove the existence of a (rational expectations) myopic‐farsighted stable set, in which farsighted agents receive a single payoff while myopic agents may receive multiple payoffs. Our existence result extends to settings with enforcing coalitions of arbitrary size, yielding coalitional myopic‐farsighted stable sets, and to settings where not all members of an enforcing coalition must strictly gain, yielding myopic‐farsighted weakly stable sets. When all farsighted agents have unit demand, our results also extend to many‐to‐one matching markets. As a key corollary, we provide a foundation for the efficiency‐adjusted deferred acceptance algorithm by showing that its outcome constitutes a singleton myopic‐farsighted stable set when one side is farsighted and the other is myopic.",https://doi.org/10.3982/ECTA24060
Econometrica,2026,Communicating Scientific Uncertainty via Approximate Posteriors,Isaiah Andrews and Jesse M. Shapiro,"We cast the problem of communicating scientific uncertainty as one of reporting a posterior distribution on an unknown parameter to an audience of Bayesian decision‐makers. We establish novel bounds on the audience's regret when the analyst reports an approximation to a posterior that the audience treats as exact. Under a palatable restriction on the audience's decision problems, the bounds take an especially convenient form. Under a further restriction on the audience's priors, a bootstrap distribution can be used as a stand‐in posterior. We propose a practical recipe for checking whether a conventional statistical report (say, a normal parameterized by a point estimate and standard error) is a good approximation, and for improving the report if it is not. We illustrate our proposals using the articles in the 2021 American Economic Review that use a bootstrap for inference.",https://doi.org/10.3982/ECTA22613
Econometrica,2026,"Outside Options, Reputations, and the Partial Success of the Coase Conjecture",Jack Fanning,"A buyer and seller bargain in continuous time over a good. Bargainers can be rational or committed to some fixed price. A rational buyer has a private value and outside option. If the set of buyer values and commitment types is rich and the probability of commitment vanishes, outcomes are partially consistent with the Coase conjecture: the seller chooses a price below the maximum of the lowest outside option and half the lowest value; the buyer immediately accepts or takes his outside option.",https://doi.org/10.3982/ECTA22022
Econometrica,2026,Rural Migrants and Urban Informality: Evidence From Brazil,Clement Imbert and Gabriel Ulyssea,"This paper studies the economic effects of rural‐urban migration on Brazilian cities. Using a shift‐share IV design, we show that, over a decade, drought‐induced immigration reduces informality, has no effect on unemployment, and increases the number of formal firms and jobs. Downward formal wage adjustments play a key role, as these long‐run effects are weaker in regions with stronger wage rigidity. In the short run, when wage rigidity is strongest, we replicate the informality‐increasing effects documented in the literature. We develop and estimate a model of firm dynamics and informality that rationalizes these results. The counterfactuals reveal that, in the short run, the informal sector absorbs the expanding labor force and acts as a “stepping‐stone” to formality for firms and workers. In the long run, however, it reduces the aggregate benefits from immigration by allowing the least productive firms to survive.",https://doi.org/10.3982/ECTA21854
Econometrica,2026,Continuity of the Distribution Function of the argmax of a Gaussian Process,"Matias Cattaneo, Gregory F. Cox, Michael Jansson and Kenichi Nagasawa","Certain extremum estimators have asymptotic distributions that are non‐Gaussian, yet characterizable as the distribution of the arg max of a Gaussian process. This paper presents high‐level sufficient conditions under which such asymptotic distributions admit a continuous distribution function. The plausibility of the sufficient conditions is demonstrated by verifying them in three examples, namely, maximum score estimation, empirical risk minimization, and threshold regression estimation. In turn, the continuity result buttresses several recently proposed inference procedures whose validity seems to require a result of the kind established herein. A notable feature of the high‐level assumptions is that one of them is designed to enable us to employ the Cameron–Martin theorem. In a leading special case, the assumption in question is demonstrably weak and appears to be close to minimal.",https://doi.org/10.3982/ECTA23862
Econometrica,2026,Assortative Matching on Income,"Pierre‐André Chiappori, Carlo Fiorio, Alfred Galichon and Stefano Verzillo","We analyze marital matching on income using an extremely rich Dutch data set containing all income tax files over seven years. We develop a novel methodology that directly extends previous contributions to allow for highly flexible matching patterns. Investigating all marriages that took place between 2013 and 2019, we find that marital patterns are particularly intriguing. While a majority of couples match assortatively, a small but significant minority display negative assortative matching. We also show that standard approaches, which consider all married couples using current incomes (as opposed to pre‐marriage incomes used in our approach), may generate misleading conclusions.",https://doi.org/10.3982/ECTA21097
Econometrica,2026,Work Hours Mismatch,"Marta Lachowska, Alexandre Mas, Raffaele Saggio and Stephen Woodbury","We apply a revealed preference approach to administrative data from Washington to show that constraints on work hours are widespread: Workers have limited discretion over hours at a given employer, and there is substantial mismatch of workers who prefer long hours to employers that provide short hours. Voluntary job transitions imply a ratio of the marginal rate of substitution of earnings for hours to the wage rate of 0.5–0.6 for prime‐age workers. The average absolute deviation between observed and optimal hours is about 15%, and low‐wage workers face particularly acute constraints on hours. On average, observed hours tend to be less than preferred levels, and workers would require a 12% higher wage with their current employer to be as well off as with an employer offering ideal hours. These findings suggest that hour constraints are an equilibrium feature of the labor market because long‐hour jobs are costly to employers.",https://doi.org/10.3982/ECTA21849
Econometrica,2026,Comment on ‘Asset Bubbles and Overlapping Generations’ by Jean Tirole,Ngoc-Sang Pham and Alexis Akira Toda,"Tirole (1985) studied an overlapping generations model with capital accumulation and showed that the emergence of asset bubbles solves the capital over‐accumulation problem. His Proposition 1(c) claims that if the dividend growth rate is above the bubbleless interest rate (the steady‐state interest rate in the economy without the asset) but below the population growth rate, then bubbles are necessary in the sense that there exists no bubbleless equilibrium but there exists a unique bubbly equilibrium. We show that this result (as stated) is incorrect by presenting an example economy that satisfies all assumptions of Proposition 1(c) but its unique equilibrium is bubbleless. We also restore Proposition 1(c) under the additional assumptions that initial capital is sufficiently large and dividends are sufficiently small. We show through examples that these conditions are essential.",https://doi.org/10.3982/ECTA24365
Econometrica,2026,Empirical Bayes When Estimation Precision Predicts Parameters,Jiafeng Chen,"Gaussian empirical Bayes methods usually maintain a precision independence assumption: The unknown parameters of interest are independent from the known standard errors of the estimates. This assumption is often theoretically questionable and empirically rejected. This paper proposes to model the conditional distribution of the parameter given the standard errors as a flexibly parameterized location‐scale family of distributions, leading to a family of methods that we call close. The close framework unifies and generalizes several proposals under precision dependence. We argue that the most flexible member of the close family is a minimalist and computationally efficient default for accounting for precision dependence. We analyze this method and show that it is competitive in terms of the regret of subsequent decision rules. Empirically, using close leads to sizable gains for selecting high‐mobility Census tracts.",https://doi.org/10.3982/ECTA22935
Econometrica,2026,Firm Accommodation After Workplace Disability: Labor Market Impacts and Implications for Subsidy Design,"Naoki Aizawa, Corina Mommaerts and Stephanie Rennane","This paper studies the labor market impacts of firm accommodation decisions after workplace disability and assesses implications for the design of firm subsidies. We leverage a workers' compensation (WC) program in Oregon that provides wage subsidies to firms for accommodating workers with workplace disabilities. Leveraging rich administrative data and a policy change to the wage subsidy, we show that accommodation rates respond to the subsidy rate and that receipt of accommodation leads to a significant increase in employment and earnings a year later. To explore welfare implications, we develop and estimate a frictional labor market model of accommodation as a form of human capital investment. Worker turnover and imperfect experience rating in WC lead to underaccommodation and inefficient labor market outcomes after workplace disability. Counterfactual simulations show that subsidizing accommodation not only improves long‐run labor market outcomes of workers experiencing work‐related disability but also yields welfare gains for most workers.",https://doi.org/10.3982/ECTA22565
Econometrica,2026,Dynamic Incentives in Incompletely Specified Environments,Gabriel Carroll,"Consider a repeated interaction where it is unknown which of various stage games will be played each period. This framework separates the basic logic of intertemporal incentives from the requirement that any given strategy profile yields a well‐defined payoff vector. A natural solution concept is ex post perfect equilibrium: strategies must form a subgame‐perfect equilibrium for any realization of the sequence of stage games. When there is one long‐run player and others are short‐run, and public randomization is available, we can adapt the standard recursive approach to determine the maximum feasible gap between reward and punishment for the long‐run player. This allows us to identify which actions can be played in equilibrium and, assuming perfect monitoring, to fully characterize what outcome paths can arise. With multiple long‐run players or no public randomization, the approach fails; a diagnostic of this failure is that optimal penal codes may no longer exist.",https://doi.org/10.3982/ECTA23373
Econometrica,2026,Spatial Economics for Granular Settings,Jonathan I. Dingel and Felix Tintelnot,"We examine the application of quantitative spatial models to the growing body of fine spatial data used to study local economic outcomes. In granular settings in which people choose from a large set of potential residence‐workplace pairs, observed outcomes in part reflect idiosyncratic choices. Using analytical examples, Monte Carlo simulations, and event studies of neighborhood employment booms, we demonstrate that calibration procedures that equate observed shares and modeled probabilities perform very poorly in these high‐dimensional settings. Parsimonious specifications of spatial linkages deliver better counterfactual predictions. To quantify the uncertainty about counterfactual outcomes induced by the idiosyncratic component of individuals' decisions, we introduce a quantitative spatial model with a finite number of individuals. Applying this model to Amazon's proposed second headquarters in New York City reveals that its predicted consequences for most neighborhoods vary substantially across realizations of the individual idiosyncrasies.",https://doi.org/10.3982/ECTA19350
Econometrica,2026,The Complexity of Multidimensional Learning in Agriculture,Rachid Laajaj and Karen Macours,"Studies on agricultural technology adoption often focus on one input, practice, or package, which is analytically useful, but may overlook the complexities involved with multidimensional learning needed for a lot of agricultural decisions. In Kenya, we study farmers' dynamic learning (from oneself and others) and adoption decisions over six seasons after randomly inviting them to participate in agronomic research trials, comparing different combinations of inputs during three consecutive seasons. As a response to the trials, adoption increases steadily despite the absence of positive profits multiple seasons after exposure to the trials. Know‐how increases rapidly and faster for high skill farmers who experiment the most, at the cost of making new mistakes. The findings are consistent with a theoretical model with multidimensionality of input and practice decisions and differential learning from one's own experience by skills, where complementarities imply that adoption of an input requires finding how to re‐optimize other dimensions, which adds to the cost of adoption.",https://doi.org/10.3982/ECTA22974
Econometrica,2026,Monotonicity and Robust Implementation Under Forward‐Induction Reasoning,Pierpaolo Battigalli and Emiliano Catonini,"In sequential games, the set of paths consistent with rationality and forward‐induction reasoning may change nonmonotonically when adding transparent restrictions on players' beliefs. Yet, we prove that—in an incomplete‐information environment—predictions become sharper when the restrictions only concern initial beliefs about types. Thus, strong rationalizability for games with payoff uncertainty characterizes the path predictions of forward‐induction reasoning across all possible restrictions on players' hierarchies of exogenous beliefs. With this, we can solve an open problem: the implementation of social choice functions through sequential mechanisms under forward‐induction reasoning—which considerably expands the realm of implementable functions compared with simultaneous mechanisms (Müller (2016))—is indeed robust in the sense of Bergemann and Morris (2009).",https://doi.org/10.3982/ECTA23709
Econometrica,2026,Food Policy in a Warming World,"Allan Hsiao, Jacob Moscona and Karthik A. Sastry","This paper studies how governments intervene in agricultural markets to reshape the economic consequences of climate extremes. We construct a global dataset of agricultural policies and extreme heat exposure by country and crop since 1980. Extreme heat shocks to domestic production lead to policies that assist consumers by lowering domestic food prices. This effect is persistent, primarily implemented via border policies, and stronger during election years. Shocks to foreign production induce the opposite response: policies that assist producers by raising prices. These findings can be rationalized by a model in which governments use agricultural policy to redistribute among domestic interest groups. Our estimates imply that policy responses shield domestic consumers, while exacerbating losses for domestic producers and foreign consumers. Policy responses have regressive consequences globally, disproportionately harming poor and heat‐exposed countries.",https://doi.org/10.3982/ECTA23125
Econometrica,2026,Trade and Domestic Distortions: The Case of Informality,"Rafael Dix‐Carneiro, Pinelopi Goldberg, Costas Meghir and Gabriel Ulyssea","We examine the effects of international trade in the presence of a set of domestic distortions giving rise to informality, a prevalent phenomenon in developing countries. In our quantitative model, the informal sector arises from burdensome taxes and regulations that are imperfectly enforced by the government. In equilibrium, smaller, less productive firms face fewer distortions than larger, more productive ones, potentially leading to substantial misallocation. We show that in settings with a large informal sector, the gains from trade are significantly amplified, as reductions in trade barriers imply a reallocation of resources from initially less distorted to more distorted firms. We confirm findings from earlier reduced‐form studies that the informal sector mitigates the impact of negative labor demand shocks on unemployment. Nonetheless, the informal sector can exacerbate the adverse real income effects of economic downturns, amplifying misallocation. Last, our research sheds light on the relationship between trade openness and cross‐firm wage inequality.",https://doi.org/10.3982/ECTA19378
Econometrica,2026,Optimally‐Transported Generalized Method of Moments,Susanne Schennach and Vincent Starck,"We propose a novel optimal transport‐based version of the Generalized Method of Moment (GMM). Instead of handling overidentification by reweighting the data to satisfy the moment conditions (as in Generalized Empirical Likelihood methods), this method proceeds by allowing for errors in the variables of the least mean‐square magnitude necessary to simultaneously satisfy all moment conditions. This approach, based on the notions of optimal transport and Wasserstein metric, aims to address the problem of assigning a logical interpretation to GMM results even when overidentification tests reject the null, a situation that cannot always be avoided in applications. We illustrate the method by revisiting Duranton, Morrow and Turner's (2014) study of the relationship between a city's exports and the extent of its transportation infrastructure. Our results corroborate theirs under weaker assumptions and provide insight into the error structure of the variables.",https://doi.org/10.3982/ECTA22486
Econometrica,2026,An Experimental Evaluation of Deferred Acceptance: Evidence From Over 100 Army Officer Labor Markets,"Jonathan M.V. Davis, Kyle Greenberg and Damon Jones","Internal labor markets are increasingly important for matching workers to jobs within organizations. We present evidence from a randomized trial that compares matching workers to jobs using the deferred acceptance (DA) algorithm to the traditional manager‐directed matching process. Our setting is the U.S. Army's internal labor market, which matches over 14,000 officers to units annually. We find that DA reduces administrative burden and increases match quality as measured by reduced justified envy, increased truthful preference reporting, and officers' and units' preferences over their matches. The overall impact of DA on officer retention and performance in the two years after officers started their new jobs is limited by strategic preference coordination between officers and units. However, DA leads to significant improvements in officer retention and promotions in markets with inexperienced managers. Our findings suggest that cross‐market communication between agents in internal labor markets can attenuate the benefits of strategyproof matching algorithms.",https://doi.org/10.3982/ECTA22160
Econometrica,2026,Optimal Shrinkage Estimation of Fixed Effects in Linear Panel Data Models,Soonwoo Kwon,"Shrinkage methods are frequently used to improve the precision of least squares estimators of fixed effects. However, widely used shrinkage estimators guarantee improved precision only under strong distributional assumptions. I develop an estimator for the fixed effects that obtains the best possible mean squared error within a class of shrinkage estimators. This class includes conventional shrinkage estimators and the optimality does not require distributional assumptions. The estimator has an intuitive form and is easy to implement. Moreover, the fixed effects are allowed to vary with time and to be serially correlated, in which case the shrinkage optimally incorporates the underlying correlation structure. I also provide a method to forecast fixed effects one period ahead in this setting.",https://doi.org/10.3982/ECTA22386
Econometrica,2026,Coordination and Commitment in International Climate Action: Evidence From Palm Oil,Allan Hsiao,"Weak environmental regulation has global consequences. When domestic regulation fails, the international community can target emitters with trade policy. I develop a dynamic empirical framework for evaluating trade policy as a substitute for domestic regulation, and I apply the framework to the market for palm oil, a major driver of deforestation and global CO2 emissions. Relative to business as usual, a domestic production tax of 50% reduces CO2 emissions by 7.4 Gt from 1988 to 2016, amounting to 0.26 Gt annually. Coordinated, committed import tariffs of similar magnitude reduce emissions by 5.4 Gt over the same period. The cost of these import tariffs is only $15 per ton of CO2, even accounting for compensating transfers that recognize welfare losses for producing countries. Without coordination and commitment, import tariffs have more limited effects. Alternative policies include domestic export taxes, which are fiscally appealing independent of emission concerns, and a carbon border adjustment mechanism, which encourages domestic regulation.",https://doi.org/10.3982/ECTA20608
Econometrica,2026,Multidimensional Screening With Precise Seller Information,"Mira Frick, Ryota Iijima and Yuhta Ishii","A multi‐product monopolist faces a buyer who is privately informed about his valuations for the goods. As is well known, optimal mechanisms are in general complicated, while simple mechanisms—such as pure bundling or separate sales—can be far from optimal and do not admit clear‐cut comparisons. We show that this changes if the monopolist has sufficiently precise information about the buyer's valuations: Now, pure bundling always outperforms separate sales; moreover, there is a sense in which pure bundling performs essentially as well as the optimal mechanism. To formalize this, we characterize how fast the corresponding revenues converge to the first‐best revenue as the monopolist's information grows precise: Pure bundling achieves the same convergence rate to the first‐best as optimal mechanisms; in contrast, the convergence rate under separate sales is suboptimal.",https://doi.org/10.3982/ECTA23622
Econometrica,2026,The Economics of Partisan Gerrymandering,Anton Kolotilin and Alexander Wolitzky,"We study the problem of a partisan gerrymanderer who assigns voters to equipopulous districts to maximize his party's expected seat share. The designer faces both aggregate, district‐level uncertainty (how many votes his party will receive) and idiosyncratic, voter‐level uncertainty (which voters will vote for his party). Segregate‐pair districting, where weaker districts contain one type of voter, while stronger districts contain two, is optimal for the gerrymanderer. The optimal form of segregate‐pair districting depends on the designer's popularity and the relative amounts of aggregate and idiosyncratic uncertainty. When idiosyncratic uncertainty dominates, a designer with majority support pairs all voters, while a designer with minority support segregates opposing voters and pairs more favorable voters; these plans resemble uniform districting and “packing‐and‐cracking,” respectively. When aggregate uncertainty dominates, the designer segregates moderate voters and pairs extreme voters; this “matching slices” plan has received some attention in the literature. Estimating the model using precinct‐level returns from recent U.S. House elections shows that, in practice, idiosyncratic uncertainty dominates. We discuss implications for redistricting reform, political polarization, and detecting gerrymandering. Methodologically, we exploit a formal connection between gerrymandering—partitioning voters into districts—and information design—partitioning states of the world into signals.",https://doi.org/10.3982/ECTA23609
Econometrica,2026,A Framework for Geoeconomics,"Christopher Clayton, Matteo Maggiori and Jesse Schreger","Governments use their countries' economic strength from financial and trade relationships to achieve geopolitical and economic goals. We provide a model of the sources of geoeconomic power and how it is wielded. The source of this power is the ability of a hegemonic country to coordinate threats across disparate economic relationships as a means of enforcement on foreign entities. The hegemon wields this power to demand costly actions out of the targeted entities, including mark‐ups, import restrictions, tariffs, and political concessions. The hegemon uses its power to change targeted entities' activities to manipulate the global equilibrium in its favor and increase its power. A sector is strategic either in helping the hegemon form threats or in manipulating the world equilibrium via input‐output amplification. The hegemon acts a global enforcer, thus adding value to the world economy, but destroys value by distorting the equilibrium in its favor.",https://doi.org/10.3982/ECTA23206
Econometrica,2026,The Hitchhiker's Guide to Markup Estimation: Assessing Estimates From Financial Data,"Maarten De Ridder, Basile Grassi and Giovanni Morzenti","Macroeconomic outcomes depend on the distribution of markups across firms and over time, making firm‐level markup estimates key for macroeconomic analysis. Methods to obtain these estimates require data on the prices that firms charge. Firm‐level data with wide coverage, however, primarily come from financial statements, which lack information on prices. We use an analytical framework to show that trends in markups over time or the dispersion of markups across firms can still be well‐measured with such data. Measuring the average level of the markup does require pricing data, and we propose a consistent estimator for such settings. We validate the analytical results using simulations of a quantitative macroeconomic model and offer supporting evidence from firm‐level administrative production and pricing data. Our analysis supports the use of financial data to measure trends in aggregate markups.",https://doi.org/10.3982/ECTA22733
Econometrica,2026,Subgroup Decomposition of the Gini Coefficient: A New Solution to an Old Problem,Vesa‐Matti Heikkuri and Matthias Schief,"We derive a novel decomposition of the Gini coefficient into within‐ and between‐group inequality terms that sum to the aggregate Gini coefficient. This decomposition is derived from a set of axioms that ensure desirable behavior for the within‐ and between‐group inequality terms. The decomposition of the Gini coefficient is unique given our axioms, easy to compute, and can be interpreted geometrically.",https://doi.org/10.3982/ECTA22145
Econometrica,2026,Equilibrium Existence in First‐Price Auctions With Private Values,"Wojciech Olszewski, Philip Reny and Ron Siegel","We provide sufficient conditions for equilibrium existence in first‐price auctions with private values that accommodate non quasi‐linear utilities and value‐distributions that contain atoms and exhibit positive or negative correlation. These conditions show that equilibrium existence often turns on properties of a single statistic of the joint distribution of values, namely, the minimum value in the support of the high‐value distribution (the mHV). We also show that modifying the standard tie‐breaking rule only at the mHV is enough to guarantee equilibrium existence without our sufficient conditions. Our results also apply to Bertrand price competition when each firm's constant marginal cost is private information.",https://doi.org/10.3982/ECTA22570
Econometrica,2026,Choosing Who Chooses: Selection‐Driven Targeting in Energy Rebate Programs,"Takanori Ida, Takunori Ishihara, Koichiro Ito, Daido Kido, Toru Kitagawa, Shosei Sakaguchi and Shusaku Sasaki","We develop an optimal policy assignment rule that integrates two distinctive approaches commonly used in economics—targeting by observables and targeting through self‐selection. Our method can be used with experimental or quasi‐experimental data to identify who should be treated, be untreated, and self‐select to achieve a policymaker's objective. Applying this method to a randomized controlled trial on a residential energy rebate program, we find that targeting that optimally exploits both observable data and self‐selection outperforms conventional targeting. We use the Local Average Treatment Effect (LATE) framework (Imbens and Angrist (1994)) to investigate the mechanism in our approach. By estimating several key LATEs based on the random variation created by our experiment, we demonstrate how our method allows policymakers to identify whose self‐selection would be valuable and harmful to social welfare.",https://doi.org/10.3982/ECTA21180
